N°. ZONE,	NameZONE,	N°. Atelier	,NameAtelier 
ZONE.1,	INJ.XC_MQB,	ATEL.1	,ATELIER INJ. XC
ZONE.2,	INJ.XC_PSA,	ATEL.1,	ATELIER INJ. XC
ZONE.3,	INJ.XC_A321.Neo,	ATEL.1,	ATELIER INJ. XC
ZONE.4,	IR.XC_MQB,	ATEL.2,	ATELIER IR. XC
ZONE.5,	IR.XC_PSA,	ATEL.2,	ATELIER IR. XC
ZONE.6,	IR.XC_A321.Neo,	ATEL.2,	ATELIER IR. XC
ZONE.7,	ASS_MQB,	ATEL.3,	ATELIER.ASS 
ZONE.8, ASS_PSA,	ATEL.3,	ATELIER.ASS 
ZONE.9,	ASS_A321.Neo,	ATEL.3,	ATELIER.ASS 
ZONE.10,	FIN_MQB,	ATEL.4	,ATELIER.FIN
ZONE.11,	FIN_PSA,	ATEL.4	,ATELIER.FIN
ZONE.12,	FIN_A321.Neo,	ATEL.4	,ATELIER.FIN
